hook_text,hook_type,country,is_viral
みんなのおすすめなTシャツブランド教えて,short punch,Japan,False
夏服に迷ってる人必見個人的におすすめのTシャツ6選✨,short punch,Japan,False
とうとう無地Tの季節がやってきましたね！,short punch,Japan,False
綺麗なAラインシルエットが作れるコスパ最強デニムはここ#デニム #バギーデニム #ストリートファッション,short punch,Japan,False
ストリートファッション女性編,short punch,Japan,False
服好き田舎JKのストリート夏コーデ5選,short punch,Japan,False
いんすたきてね︎^_^,short punch,Japan,False
今SNS で話題になっているベルトが付けれるスウェパンがあるらしいから実際履いてみたんだけどもう履き心地良すぎるし、カラビナも付けれて、何よりバギーシルエットで週7確定,short punch,Japan,False
#メンズファッション #ストリートファッション #シティーボーイ #かつき,neutral,Japan,False
着用しているTシャツの詳細は動画の最後に！,short punch,Japan,False
オンライン古着屋といえばここでしょ！,short punch,Japan,False
一軍入り確定最強ジップパーカー14選,short punch,Japan,False
\あの3点セットアップがついに登場/,short punch,Japan,False
これやっちゃってません？？,short punch,Japan,False
UNIQLOでバズってたヘンリーネックTから半袖出たらしい,short punch,Japan,False
もうすぐ子供達の夏休みが始まりますねお出かけの準備できてる？,short punch,Japan,False
韓国 #韓国コーデ #kpop #モテたい #かっこいい #ストリートファッション #koreanfashion #モテ男 #イケメン男子 #ストリートファッション #ストリートコーデ #モテ男,neutral,Japan,False
テテ から学ぶ,short punch,Japan,False
#オーバーサイズ #コーデ #メンズファッション #ビッグサイズ #スタイリング,neutral,Japan,False
プチプラ服でモノトーンコーデ,short punch,Japan,False
@うまに返信 カジュアルなタックインがカッコよくなる方法、俺が教えたろ。 #メンズコーデ #メンズファッション,neutral,Japan,False
女子からデートに誘われるモテる男子の着こなし4選。#モテたい男子必見 #韓国男子 #メンズファッションコーデ #デート服メンズ,neutral,Japan,False
イケオジ40代コーデ#メンズファッション#40代#イケオジ#ユニクロ,short punch,Japan,False
GUでこの夏活躍する最強服見つけたので紹介します！！✨️,short punch,Japan,False
2025年夏！今絶対に買うべきパンツを知ってますか？？？,short punch,Japan,False
急に30℃超えだしたけど、今なら夏の準備まだ間に合うから参考にしてねーーー！！！！☀️ #夏コーデ #1週間コーデ #カジュアルコーデ,neutral,Japan,False
【今日何着てますか？】,short punch,Japan,False
韓国カジュアルなGRLOOK1week໒꒱,short punch,Japan,False
【みんな持ってるチェックシャツ簡単アレンジ3選】,short punch,Japan,False
何曜日が好みかコメントで教えてꔛ#骨格ウェーブ #低身長 #低身長コーデ #ギャルコーデ #ファッション #ootd #冬コーデ #毎日ファッション #fyp #毎日更新 #1週間コーデ #デニムコーデ,neutral,Japan,False
＼今日好き発✨ナチュかわ最強女子／,short punch,Japan,False
本当は教えたくないんだけど,short punch,Japan,False
GRLでできる✨韓国カジュアルコーデ,short punch,Japan,False
ルセラのみんなが履いてるようなこういうパンツ欲しくない,short punch,Japan,False
こういうコーデ好きな人集まれ〜,short punch,Japan,False
夏コーデまとめ気になるのはありますか？#カジュアルコーデ #春夏コーデ #夏服 #韓国ファッション #毎日コーデ #私服 #可愛い女の子 #おすすめ #コーデ #高身長コーデ #ootd,neutral,Japan,False
デニムをいっぱい使ってコーデ組みました❗️参考になれたらうれしいです#SHEIN #夏服 #夏服コーデ #コーディネート #韓国#ファッション#リクエスト #08,neutral,Japan,False
プチプラ可愛いを集めました,short punch,Japan,False
本当は教えたくないサイトばっかり1万円以下で抑えられるから学生でも買いやすい,short punch,Japan,False
久々すぎる投稿,short punch,Japan,False
韓国のadidasが可愛すぎた,short punch,Japan,False
マジで教えたくなかった,short punch,Japan,False
脚を出さない夏コーデです,short punch,Japan,False
着れば韓国アイドルなれるかも、、,short punch,Japan,False
男女ウケどっちも良さそうなおすすめブランド✍#おすすめ #きれいめカジュアル #大人カジュアル #シンプルコーデ #骨スト #低身長コーデ #骨格ストレート #デートコーデ #夏コーデ,neutral,Japan,False
夏もやっぱりチェックシャツが気分~#カジュアルコーデ #シャツコーデ #毎日ファッション #おすすめ #fyp #夏服 #韓国コーデ,neutral,Japan,False
こんな細く見えるTシャツに出会ったの初めてですわい,short punch,Japan,False
,short punch,Japan,False
夏の定番コーデだけどそのままだと垢抜けない！,short punch,Japan,False
"大バズり中の""大人オールインワン""❤️",short punch,Japan,False
ユニクロTシャツ紹介【大バズり中】1500円とコスパ最強！種類がたくさん！,short punch,Japan,False
人気のTシャツ‎,short punch,Japan,False
マネキンコーデ着てみた‍♀️✨️,short punch,Japan,False
お洒落な先輩とご飯の時はいつもより気合いが入る✊,short punch,Japan,False
ZARAで買ったデート服3選,short punch,Japan,False
ZARA 【夏服紹介 2025】part2,short punch,Japan,False
ZARAのセール本日（6月26日）からスタート‼️,short punch,Japan,False
着痩せ命の骨スト✊ZARAセール購入品3点着てみた❣️どれが好きですか〜？,short punch,Japan,False
#zara で大当たりだったベストコーデ4つ,short punch,Japan,False
今年のZARA無双してる。,short punch,Japan,False
ZARA 【夏服紹介2025】,short punch,Japan,False
お久しぶりにZARAで買い物した,short punch,Japan,False
ZARA購入品‎私も二の腕コンプだけどこのワンピースなら細見え確実#zara #春服#綺麗めコーデ #女子大生#骨スト,short punch,Japan,False
このジャケット可愛い,short punch,Japan,False
またしてもザラパトロールモードでかっこよく着こなせるお洋服多かった！大人のディナーデートの服を探してる人必見,short punch,Japan,False
ZARA SALE購入品️,short punch,Japan,False
簡単お洒落にシャツを着るコツ真似しやすいので是非参考にしてみてください#シャツコーデ #シャツアレンジ #インすら方法#低身長#骨格ストレート,short punch,Japan,False
どのタイプが好き,short punch,Japan,False
【#40代オシャレの教科書 】,short punch,Japan,False
色んな系統のコーデがしたい子の参考になるといいな,short punch,Japan,False
ベルトって大事ですよね,short punch,Japan,False
夏の垢抜けコーデ３選！,short punch,Japan,False
簡単そうで何だか垢抜けない、シャツの着方,short punch,Japan,False
こんなコーデはどう？,short punch,Japan,False
【今1番売れてるジャケット☝️】,short punch,Japan,False
【このまま着ちゃうと、、、】,short punch,Japan,False
#るだけで痩せる服、教えます#cenea #zozo #zozotown #ファッション #コーデ #夏コーデ #プチプラ #骨格ストレート #骨格ウェーブ #lookbook #ootd,neutral,Japan,False
cocaで夏コーデ,short punch,Japan,False
ZOZOTOWNでオープンした「mipiarl」プチプラなのに可愛すぎる。,short punch,Japan,False
この組み合わせしたらセンス良くなれます！✨#メンズファッション #プチプラ #お洒落コーデ #モテコーデ #春コーデ,neutral,Japan,False
お団子にスキニーと合わせてブラックコーデ、綺麗でカジュアルなコーディネートにした,short punch,Japan,False
前後2wayで楽しめるプチプラブラウス♡,short punch,Japan,False
夏服迷ったら参考にしてねお洋服の質問はコメント欄へ、#プチプラコーデ#低身長コーデ#夏コーデ,short punch,Japan,False
GU着回し編#夏 #夏コーデ #ファッション #レディースファッション #メイク #プチプラコーデ #GU #コーディネート夏 #フォローお願いします,neutral,Japan,False
\\ 全て新品❣️100円(税込110円)で販売中 //,short punch,Japan,False
【UNIQLO】新作夏服コーデ４選,short punch,Japan,False
⏩@balabo_style_40⏪他の投稿も見てみる,short punch,Japan,False
今回は皆さんに共有したい⸝⸝⸝⸝‪ෆ と思う,short punch,Japan,False
彼とディナーデートにいく日のコーデ#GRL#グレイル#grl購入品#grlコーデ#ディナーデート #ディナーコーデ#女子会コーデ#女子会コーデ#コート#アウター#プチプラコーデ#冬コーデ#ファッション#綺麗めコーデ#コーデ#レディースファッション#おすすめ#fyp,short punch,Japan,False
さっと着ても可愛いGU購入品,short punch,Japan,False
いきなり暑くなるの無理❗️,short punch,Japan,False
♡シアーシャツを使った江ノ島デートコーデ♡,short punch,Japan,False
これからの季節も大活躍の透け感のあるピンクストライプシャツ✨,short punch,Japan,False
今日何着るか迷った時に参考にしてみてね #気温別 #気温別コーデ #コーデ集 #春コーデ #アベイル #プチプラコーデ,neutral,Japan,False
雨の日コーデどうしよう☔ってなるのは私だけじゃないはず‍↕️！,short punch,Japan,False
たまにはブラックコーデもあり？,short punch,Japan,False
今日は脚を出さないコーデ集夏場は虫刺されが嫌だよね‍ここ最近雨だけど涼しくて過ごしやすい^_^#夏コーデ #夏服コーデ #デートコーデ #夏のデートコーデ #足を出さないコーデ #低身長コーデ #foryou #fyp,neutral,Japan,False
今日のコーデドッグランへ行くからシンプルに✨白Tデニムってほんと一番かわいコーデ#ファッション #コーディネート #白tコーデ #白T #ZARA #UNIQLO #ザラ #ユニクロ,neutral,Japan,False
,short punch,UK,False
Struggling to go viral as a fashion creator,neutral,UK,False
"NOT DIRECTLY TALKING ABOUT SOMEONE, just want to give y’all sauce &",neutral,UK,False
lmk if u want me to talk more about any specific things,neutral,UK,True
Follow for more tips and content,neutral,UK,False
a lot of you guys ask me how I got started so,neutral,UK,False
The fashion space is a tricky tricky B word,neutral,UK,False
#foryoupage #blowthisup #fashiontiktok #outfitinspo #amadouuo,neutral,UK,False
My 5-9 as a Fashion Influencer,neutral,UK,False
Step by step on how to increase your income as a fashion,neutral,UK,False
Up close & personal today,neutral,UK,False
once i started making content & building partnerships with clothing brands i,story,UK,False
how @Wisdom Kaye became one of the best fashioncreators of our generation,question,UK,False
I made my first rookie mistake… #fashion #mistake,neutral,UK,False
"It’s not just about your talent, it’s about how you run your",neutral,UK,False
Common mistakes for fashion designer - colours #fyp #fashiondesigner #clothingbrandtips #fashiontiktok #fypage,neutral,UK,False
biggest fashion mistakes Camilo and Maya wish they knew from the start,neutral,UK,False
I MESSED UP,short punch,UK,False
How we were able to correct a mistake (Attraction),question,UK,False
Always there fr,short punch,UK,True
The most important thing is that you learn an improve everyday,neutral,UK,False
3 Outfit Mistakes That Instantly Age you,neutral,UK,False
the 2 most common mistakes from beginner stylists,neutral,UK,False
The mistakes I’ve learned to fix being a content creator,neutral,UK,False
5 things that make you look cheap,neutral,UK,False
I love that she tries to copy me,neutral,UK,False
my outfit for today,neutral,UK,False
lately ive really been leaning towards comfy and breathable but making it,neutral,UK,False
i promise i tried,neutral,UK,True
a week of work fits,neutral,UK,False
save for your next ootd,neutral,UK,False
almost forgot to post this fitcheck had it sitting in the drafts,neutral,UK,False
how to make & edit those trending #ootd videos,question,UK,False
you already know it✨ #littlemix #outfitinspo #fashiontiktok #outfitideas #fashioninspo #summeroutfit #ootd #styleinspo,neutral,UK,False
White fits for summer #elevatedbasics #summeroutfits #ootd,neutral,UK,False
<3,short punch,UK,False
did I mention I love this song #ootd #outfitinspo #summer #fyp #foryou,question,UK,False
What should we do next,question,UK,False
Trust me on this strategy girlies,neutral,UK,False
Reply to @nida,short punch,UK,False
Are you a fashion creator,neutral,UK,False
[ SAVE & SHARE ✨ ] My 7-step process to creating FASHION,neutral,UK,False
If i were to create a fashion brand today - this is,neutral,UK,False
Wanna start creating content,neutral,UK,False
Brand marketing in 2025#clothingbrand #fashionmarketing #brandstrategy #clothingtips #contentcreation #creatorsearchinsights,neutral,UK,False
@LOEWE is really that girl when it comes to unique marketing content,neutral,UK,False
#foryoupage #blowthisup #fashiontiktok #outfitinspo #amadouuo,neutral,UK,False
A big old list of content ideas for fashion creators #fashiontiktok #styletiktok,neutral,UK,False
Replying to @makenzie,short punch,UK,False
Where to get fashion ideas #fypシ #streetfashion #streetwear #xyzbca,neutral,UK,False
"""Fashion + content = chefs kiss #",neutral,UK,False
content creation ideas for lifestyle and fashion creators,neutral,UK,False
#fitcheck #DigitalMarketing #dreamlife #fyp #parisianstyle #parisfashionweek #lifestyle #fashion #reeltips #growmyaccount,neutral,UK,False
save this for fashion and lifestyle content ideas,neutral,UK,False
I recently found this fashion blogger page and I love it so,neutral,UK,False
OOTD#ootd #maximalism #fashioninspo #fypシ゚viral #outfitsinspo #fypシ゚viral #fypシ #summer #skirtoverpants #tylerthecreator #layeredoutfits #unique,neutral,UK,False
fitted in @kalliopeisamuse w/ @Zoe #fyp #foryoupagе #ftcelly #fashioninspo #contentcreator #ootd #fashiontiktok,neutral,UK,True
What should I name this series frennnn,question,UK,False
Its time to step out a minute,neutral,UK,False
today ⭐️,short punch,UK,False
Top fashion styles for 2025 #creatorsearchinsights #fashiontips #styleinspo #trendylooks #outfitideas #mensfashion #streetwear,neutral,UK,False
Name a better niche fashion content creator… oh wait you can’t #fypシ,neutral,UK,True
#fashioncontentcreator #streetstylefashion #baggyjeans #baggyjeansoutfit #baggyclothes #streetwear #streetstyleinspo,neutral,UK,True
My favorite fashion influencers for outfit ideas,neutral,UK,False
Welcome to all my new followers,neutral,UK,False
HOW I PUT TOGETHER MY OUTFITS ✍ breaking it down step by,question,UK,False
Styling 1 top 4 ways ⋆,neutral,UK,False
3 business fashion hacks @MOTF 15% off DC C0DE: MOTF24013 Formal corporate,neutral,UK,False
Grwm: How to create an outfit,neutral,UK,False
HOW TO PUT TOGETHER AN OUTFIT EFFORTLESSLY #outfitinspo #styletips #swag,question,UK,True
Style with me #3,neutral,UK,False
Many women are not confident with how to style correctly their favorite,neutral,UK,False
"Ok this 333 method really helped me come up with outfit ideas,",neutral,UK,False
How to dress better than 99% of the population ‍↕️,question,UK,False
Fashion tips for if you don’t know what to wear… #fyp #fashion,neutral,UK,False
how to make an outfit you actually like #outfitideas #outfits #androgynousstyle #androgynousfashion,question,UK,True
convenient,short punch,UK,False
here’s how to dress girly & comfortable at the same time,neutral,UK,False
#casualoutfitideas #easyoutfits #everydayoutfits,short punch,UK,False
Minimal Style: #streetstyle #ootd,neutral,UK,False
ootd,short punch,UK,False
Love my new sweater from Ann mashburn feels super chic yet wearable,neutral,UK,False
little ootd #summerfashion #summerootd #outfitinspo #outfitoftheday #summerchic #trendycasualoutfits #creatorsearchinsights #everydayoutfitideas,neutral,UK,False
#fyp#outfitinspo,short punch,UK,True
gdwmmm,short punch,UK,True
Linked in LTK wearing @Revolve @Edikted @Tony Bianco @DISSH #clothinghaul #summerclothes #fyp,neutral,UK,False
Off to get a facial @Rescue Spa with my friends,neutral,UK,False
Daily outfit #makeup #grwm #fyp #fitcheck #dailyoutfits #dailyoutfitideas #dailyoutfitinspo #ootdfashion #blazeroutfit #latestoutfits,neutral,UK,False
From elegance to bold Stay tuned for more looks and transitions,neutral,UK,False
ೀ⋆｡˚ outfit transformation with twinn,neutral,UK,False
Old lady dress transformations,neutral,UK,False
Cross dressing These quick transformations should be a hit with the girls,neutral,UK,False
Mama dressed up for a night out‍ #momsoftiktok #momsover30 #transition #glowup #momlife,neutral,UK,False
#outfittransition,short punch,UK,False
My outfit transition #outfit #fashion_outfits #beforeandafter #latinagirl #fyp,neutral,UK,False
Explaining my recent outfit transformation - this is why the first outfit,neutral,UK,False
Outfit Transformation #yoursopretty #vibingbymyself #myoutfit #myoutfits #femalecontentcreator,neutral,UK,False
#outfitchangetransition #ParaTi #Fyp,short punch,UK,False
,short punch,Italy,False
,short punch,Italy,False
,short punch,Italy,False
,short punch,Italy,False
,short punch,Italy,False
,short punch,Italy,False
,short punch,Italy,False
Risposta a @❤️ spero vi piacciano #outfitideas #outfitinspo #petitefashion #fashiontiktok #summeroutfit #summerinspo,neutral,Italy,False
outfits we wore in milan for shards birthday trip #relationship #milanoutfit #outfitinspo,neutral,Italy,False
Milano ❤️#milan #milano #milanoitaly #italia #outfit #outfitinspo #outfits #outfitinspiration,neutral,Italy,False
#invitedby evento a Milano vi porto con me @SHEIN Italy @SHEIN #SHEINModernMan,neutral,Italy,False
Milano days ✨ @CILIBAERTOE #springoutfitideas #ootdinspo #beigeaesthetic #springoutfit,neutral,Italy,False
La pasta #summeroutfitinspo #eurosummer #milan #outfitideas #outfitoftheday,neutral,Italy,False
@caro shopping trip -> 11/10 #girlstrip #foryou #shopping #milan #milano #italy #ootd,neutral,Italy,False
I’m finally back in Milan,neutral,Italy,False
The beauty of Milan street trends in Summer 2024,neutral,Italy,False
Classy girl dinner night outfit in Milan #outfit #girldinner #outfitsideas #fashiontiktok,neutral,Italy,False
social anxiety fears me #outfit #milano #italy #outfitinspo #summer #vacation #urlaub #curly,neutral,Italy,False
milan with my soulieee #fyp #boyfriend #milan #milanfashionweek #outfit #ootdinspo,neutral,Italy,False
Italian style #lifestyle #italianstyle #oldmoney #quietluxury #milan #italy #richlife #luxurylife #viral #foryoupage,neutral,Italy,False
Top Italian Street Style 2025,neutral,Italy,False
Street Style 2025,short punch,Italy,False
Milan Style2025#streetstyle #italy #milanfashion #milanstyle #italianstyle #milan #fashionable #italiansummer #fashiontrends #fashiontrends #coolstyle,neutral,Italy,False
Dress Code: Italian old money fashion does my outfit meet the dress,neutral,Italy,False
"Due outfit, zero dubbi",neutral,Italy,False
#classmen #menclass #menwithclassandstyle #mensfashion #menover60,neutral,Italy,False
Replying to @gaietta Brand italiani sostenibili ☺️,neutral,Italy,False
#gafas #camisas #pantalones #verano #modaitaliana #italia #fyp,neutral,Italy,False
2500 da ❤️,short punch,Italy,False
GENERAL CHECK,short punch,Italy,False
"These are just general tips✨ not saying you must wear those things,",neutral,Italy,False
OOTD ‍,short punch,Italy,False
General Fashion & T-Shirt,neutral,Italy,False
#creatorsearchinsights,short punch,Italy,False
General casual stylish wear,neutral,Italy,False
Risposta a @Raziel17x,short punch,Italy,False
Summer 2025 is coming Better be early,neutral,Italy,False
Non nominate il nome del Vintage invano,neutral,Italy,False
"T-shirt and trousers, but make it refined",neutral,Italy,False
Hello Summer style staple #mensfashion #mensagem #summerstyle,neutral,Italy,False
#day #outfit #fashion #eurosummer #fyp #foryoupage,neutral,Italy,False
In versione clean girl senza essere una clean girl @Igeia by Carlotta,neutral,Italy,False
Full linen outfit,short punch,Italy,False
"If you're looking for a husband, go to Italy",neutral,Italy,False
#fyp #foryoupage #elegant #elegance #classy #classystyle #femenine #femenineenergy #fashion #fashiontiktok #fashioninspo #italy,neutral,Italy,False
Our outfits in Italy #italy#comolake#outfits#girlstrip#varenna#bellagio#lecco#milan#ootd#italyoutfits#outfitstrend,neutral,Italy,False
First outfit✨ #italy #italyaesthetic #italianoutfit #summeroutfit #outfitideas #styleinspo #fashiontok #modelwalk #fyp #mostviralvideo,neutral,Italy,False
ITALIAN SUMMER OUTFITS #vacationoutfits #italiansummer #italiansummeraesthetic #vacationdress #summerdress #outfitideas #outfitinspo,neutral,Italy,False
Trending woman dresses/ Summer Everyday Outfit Ideas 2025 #lookbook #ootdinspo #fashiontiktok #lifestyle,neutral,Italy,False
✨ :,short punch,Italy,False
"✨ Mie bellissime donne, il nuovo corner è un mix di eleganza",neutral,Italy,False
Living my dolce vita ✨ Italian summer mode: ON #italy #summermode #italianvibes,neutral,Italy,False
Il vestito estivo a pois più iconico di sempre #dresses #dressup #summerlooks,neutral,Italy,False
"✨❤️SANDALO JADA ❤️✨, direttamente dalla nostra produzione artigianale Made in Italy ✨",neutral,Italy,False
Non è solo un vestito,neutral,Italy,False
Italian Style #perte,short punch,Italy,False
#oldmoney #oldmoneystyle #oldmoneyaesthetic #luxurylife #perte #fyp,neutral,Italy,False
Buonasera,short punch,Italy,False
#italianstyle now its my song,neutral,Italy,False
The Italian look #italy #italien #look #style #ootd,neutral,Italy,False
Es ist Sommer,short punch,Italy,False
Italian Hairstyle tutorial ✂️,neutral,Italy,False
Step up your style with Mafia-inspired outfits for men,neutral,Italy,False
Italian style,short punch,Italy,False
Outfit Old Money - italian style,neutral,Italy,False
cute and simple summer outfits from @White Fox Boutique ✨️ White Fox,neutral,Italy,False
Volete la pt 2,neutral,Italy,False
summer outfit inspo all from white fox use DEMETRATT for 30% off,neutral,Italy,False
follow for more inspo,neutral,Italy,False
plus size summer outfit my skorts are a lifeeee saver,neutral,Italy,False
Outfit linked in my ltk in bio #whattowear #whattoweartoday #summeroutfit #summerlooks,neutral,Italy,False
summer outfits for when it’s BOILING HOT outside #fashion #styleinspo #outfit #girls,neutral,Italy,False
#summeroutfit #outfitinspiration #stradivarius #skort,neutral,Italy,True
#haul #ootd #outfitinspo #outfitideas #zarahaul #zara #fashiontiktok #fashioninspo #summerfits #asos #asoshaul #skirt,neutral,Italy,False
ootd com a amiga @Beatriz Teixeira #outfitinspo #outfitcheck #ootd #outfitideas #summeroutfit #fyp,neutral,Italy,False
Attenzione a materiali e colori #outfitideas #outfitinspo #petitefashion #fashiontiktok #summeroutfit #summerinspo #summerfits,neutral,Italy,False
#summer #summerideas #summer2023 #outfits #outfitinspo #love #summerides #beachoutfitideas #ideasforsummer #beachfits,neutral,Italy,False
Italy lookbook featuring elegant and modest outfits I love so much,neutral,Italy,False
Outfit,short punch,Italy,False
#lookbook #fashionista #streetstyle #marinitrani #tryonhaul #fashionsale #promozione #newcollection #shopnow #styleinspo #styleinspo #fashion,neutral,Italy,False
"""✨ Chiara Ferragni ci porta in un viaggio di stile con il",neutral,Italy,False
A preview of our Estate Italiana - ‘Italiana Summer’ collection available online,neutral,Italy,False
"Diversa, mai meno",short punch,Italy,False
Il look pesca è adatto a ogni occasione Fateci sapere il vostro,neutral,Italy,False
What to wear in Italy this Summer,question,Italy,False
What to wear in italy this spring and summer,question,Italy,False
ONCE YOU SEE IT YOU CANT UNSEE IT AND YOU CANT STOP,story,Italy,False
Shein outfits for Italy,neutral,Italy,False
Você vai curtir o Eurosummer,neutral,Italy,False
Best dress for Italy,neutral,Italy,False
what i would wear in italyyy @Meshki,question,Italy,False
Capri Outfits,short punch,Italy,False
"A sunny Thursday in my life living in Torino, Italy ☺️",neutral,Italy,False
"Day in the life living in florence, italy #florenceitaly #studyabroad",neutral,Italy,False
another normal day in a normal life #vlog #normalpeople,neutral,Italy,False
Quick vlog,short punch,Italy,False
Cammino come Forrest,short punch,Italy,False
first full day in Milan,neutral,Italy,False
,short punch,USA,False
Struggling to go viral as a fashion creator,neutral,USA,False
"NOT DIRECTLY TALKING ABOUT SOMEONE, just want to give y’all sauce &",neutral,USA,False
lmk if u want me to talk more about any specific things,neutral,USA,True
Follow for more tips and content,neutral,USA,False
a lot of you guys ask me how I got started so,neutral,USA,False
The fashion space is a tricky tricky B word,neutral,USA,False
#foryoupage #blowthisup #fashiontiktok #outfitinspo #amadouuo,neutral,USA,False
My 5-9 as a Fashion Influencer,neutral,USA,False
Step by step on how to increase your income as a fashion,neutral,USA,False
Up close & personal today,neutral,USA,False
once i started making content & building partnerships with clothing brands i,story,USA,False
how @Wisdom Kaye became one of the best fashioncreators of our generation,question,USA,False
I made my first rookie mistake… #fashion #mistake,neutral,USA,False
"It’s not just about your talent, it’s about how you run your",neutral,USA,False
Common mistakes for fashion designer - colours #fyp #fashiondesigner #clothingbrandtips #fashiontiktok #fypage,neutral,USA,False
biggest fashion mistakes Camilo and Maya wish they knew from the start,neutral,USA,False
I MESSED UP,short punch,USA,False
How we were able to correct a mistake (Attraction),question,USA,False
Always there fr,short punch,USA,True
The most important thing is that you learn an improve everyday,neutral,USA,False
3 Outfit Mistakes That Instantly Age you,neutral,USA,False
the 2 most common mistakes from beginner stylists,neutral,USA,False
The mistakes I’ve learned to fix being a content creator,neutral,USA,False
5 things that make you look cheap,neutral,USA,False
I love that she tries to copy me,neutral,USA,False
my outfit for today,neutral,USA,False
lately ive really been leaning towards comfy and breathable but making it,neutral,USA,False
i promise i tried,neutral,USA,True
a week of work fits,neutral,USA,False
save for your next ootd,neutral,USA,False
almost forgot to post this fitcheck had it sitting in the drafts,neutral,USA,False
how to make & edit those trending #ootd videos,question,USA,False
you already know it✨ #littlemix #outfitinspo #fashiontiktok #outfitideas #fashioninspo #summeroutfit #ootd #styleinspo,neutral,USA,False
White fits for summer #elevatedbasics #summeroutfits #ootd,neutral,USA,False
<3,short punch,USA,False
did I mention I love this song #ootd #outfitinspo #summer #fyp #foryou,question,USA,False
What should we do next,question,USA,False
Trust me on this strategy girlies,neutral,USA,False
Reply to @nida,short punch,USA,False
Are you a fashion creator,neutral,USA,False
[ SAVE & SHARE ✨ ] My 7-step process to creating FASHION,neutral,USA,False
If i were to create a fashion brand today - this is,neutral,USA,False
Wanna start creating content,neutral,USA,False
Brand marketing in 2025#clothingbrand #fashionmarketing #brandstrategy #clothingtips #contentcreation #creatorsearchinsights,neutral,USA,False
@LOEWE is really that girl when it comes to unique marketing content,neutral,USA,False
#foryoupage #blowthisup #fashiontiktok #outfitinspo #amadouuo,neutral,USA,False
A big old list of content ideas for fashion creators #fashiontiktok #styletiktok,neutral,USA,False
Replying to @makenzie,short punch,USA,False
Where to get fashion ideas #fypシ #streetfashion #streetwear #xyzbca,neutral,USA,False
"""Fashion + content = chefs kiss #",neutral,USA,False
content creation ideas for lifestyle and fashion creators,neutral,USA,False
#fitcheck #DigitalMarketing #dreamlife #fyp #parisianstyle #parisfashionweek #lifestyle #fashion #reeltips #growmyaccount,neutral,USA,False
save this for fashion and lifestyle content ideas,neutral,USA,False
I recently found this fashion blogger page and I love it so,neutral,USA,False
OOTD#ootd #maximalism #fashioninspo #fypシ゚viral #outfitsinspo #fypシ゚viral #fypシ #summer #skirtoverpants #tylerthecreator #layeredoutfits #unique,neutral,USA,False
fitted in @kalliopeisamuse w/ @Zoe #fyp #foryoupagе #ftcelly #fashioninspo #contentcreator #ootd #fashiontiktok,neutral,USA,True
What should I name this series frennnn,question,USA,False
Its time to step out a minute,neutral,USA,False
today ⭐️,short punch,USA,False
Top fashion styles for 2025 #creatorsearchinsights #fashiontips #styleinspo #trendylooks #outfitideas #mensfashion #streetwear,neutral,USA,False
Name a better niche fashion content creator… oh wait you can’t #fypシ,neutral,USA,True
#fashioncontentcreator #streetstylefashion #baggyjeans #baggyjeansoutfit #baggyclothes #streetwear #streetstyleinspo,neutral,USA,True
My favorite fashion influencers for outfit ideas,neutral,USA,False
Welcome to all my new followers,neutral,USA,False
HOW I PUT TOGETHER MY OUTFITS ✍ breaking it down step by,question,USA,False
Styling 1 top 4 ways ⋆,neutral,USA,False
3 business fashion hacks @MOTF 15% off DC C0DE: MOTF24013 Formal corporate,neutral,USA,False
Grwm: How to create an outfit,neutral,USA,False
HOW TO PUT TOGETHER AN OUTFIT EFFORTLESSLY #outfitinspo #styletips #swag,question,USA,True
Style with me #3,neutral,USA,False
Many women are not confident with how to style correctly their favorite,neutral,USA,False
"Ok this 333 method really helped me come up with outfit ideas,",neutral,USA,False
How to dress better than 99% of the population ‍↕️,question,USA,False
Fashion tips for if you don’t know what to wear… #fyp #fashion,neutral,USA,False
how to make an outfit you actually like #outfitideas #outfits #androgynousstyle #androgynousfashion,question,USA,True
convenient,short punch,USA,False
here’s how to dress girly & comfortable at the same time,neutral,USA,False
#casualoutfitideas #easyoutfits #everydayoutfits,short punch,USA,False
Minimal Style: #streetstyle #ootd,neutral,USA,False
ootd,short punch,USA,False
Love my new sweater from Ann mashburn feels super chic yet wearable,neutral,USA,False
little ootd #summerfashion #summerootd #outfitinspo #outfitoftheday #summerchic #trendycasualoutfits #creatorsearchinsights #everydayoutfitideas,neutral,USA,False
#fyp#outfitinspo,short punch,USA,True
gdwmmm,short punch,USA,True
Linked in LTK wearing @Revolve @Edikted @Tony Bianco @DISSH #clothinghaul #summerclothes #fyp,neutral,USA,False
Off to get a facial @Rescue Spa with my friends,neutral,USA,False
Daily outfit #makeup #grwm #fyp #fitcheck #dailyoutfits #dailyoutfitideas #dailyoutfitinspo #ootdfashion #blazeroutfit #latestoutfits,neutral,USA,False
From elegance to bold Stay tuned for more looks and transitions,neutral,USA,False
ೀ⋆｡˚ outfit transformation with twinn,neutral,USA,False
Old lady dress transformations,neutral,USA,False
Cross dressing These quick transformations should be a hit with the girls,neutral,USA,False
Mama dressed up for a night out‍ #momsoftiktok #momsover30 #transition #glowup #momlife,neutral,USA,False
#outfittransition,short punch,USA,False
My outfit transition #outfit #fashion_outfits #beforeandafter #latinagirl #fyp,neutral,USA,False
Explaining my recent outfit transformation - this is why the first outfit,neutral,USA,False
Outfit Transformation #yoursopretty #vibingbymyself #myoutfit #myoutfits #femalecontentcreator,neutral,USA,False
#outfitchangetransition #ParaTi #Fyp,short punch,USA,False
